year,season,area,index
1952,1,1,6.40914664674523
1952,2,1,4.05485826013851
1952,3,1,7.84437265658664
1952,4,1,9.15820866470375
1953,1,1,6.86716052834974
1953,2,1,10.0386178821476
1953,3,1,8.05052414118882
1953,4,1,8.45576417970997
1954,1,1,5.57900043516366
1954,2,1,9.16572505102112
1954,3,1,7.03354960003447
1954,4,1,7.2649005871473
1955,1,1,5.2471302217995
1955,2,1,5.91378878189721
1955,3,1,6.25142983861456
1955,4,1,8.28439992431933
1956,1,1,5.97483450353133
1956,2,1,5.48138971318807
1956,3,1,7.31191879515795
1956,4,1,5.9166364126767
1957,1,1,5.3841707085227
1957,2,1,8.57964148892516
1957,3,1,12.1479394581514
1957,4,1,6.1594077286991
1958,1,1,4.12401970190076
1958,2,1,7.07236596733475
1958,3,1,8.52776771260366
1958,4,1,11.0679012687838
1959,1,1,12.2269810923534
1959,2,1,12.0032160581669
1959,3,1,14.1092945999881
1959,4,1,11.7013470933751
1960,1,1,9.19259477584198
1960,2,1,8.0449578754097
1960,3,1,12.885055811235
1960,4,1,8.34203903524219
1961,1,1,7.0262015064056
1961,2,1,8.37760453805239
1961,3,1,6.4790205982011
1961,4,1,7.93120477270588
1962,1,1,9.31113471805418
1962,2,1,5.32382160268659
1962,3,1,7.22847964377987
1962,4,1,7.86674476674357
1963,1,1,5.08176663890348
1963,2,1,3.88605337999329
1963,3,1,5.32383346566776
1963,4,1,7.52556826452603
1964,1,1,5.46905051406362
1964,2,1,5.62545169393966
1964,3,1,8.17687457668772
1964,4,1,9.41909077457806
1965,1,1,8.03370337401208
1965,2,1,4.46792746830293
1965,3,1,7.9239009906588
1965,4,1,8.42722145623685
1966,1,1,9.43001932403614
1966,2,1,8.18488643258531
1966,3,1,9.05526070943801
1966,4,1,7.81481258523442
1967,1,1,5.18892006533322
1967,2,1,4.51233773091854
1967,3,1,6.80814551253993
1967,4,1,5.91483486232541
1968,1,1,5.04879320213585
1968,2,1,4.92920164988594
1968,3,1,4.07447955825528
1968,4,1,4.33579564295299
1969,1,1,5.58058440137048
1969,2,1,4.39405107212645
1969,3,1,8.20866683122427
1969,4,1,6.73041026371911
1970,1,1,8.65130092160243
1970,2,1,9.82047498617542
1970,3,1,7.99851834109908
1970,4,1,9.85090153063298
1971,1,1,7.01443361795873
1971,2,1,5.15169871346236
1971,3,1,5.39855226285307
1971,4,1,5.99270806948502
1972,1,1,4.68172822325421
1972,2,1,4.66044363343555
1972,3,1,8.08411152440047
1972,4,1,5.61869689414021
1973,1,1,3.24288095932199
1973,2,1,4.39615791846651
1973,3,1,5.04270277322983
1973,4,1,7.13382611564622
1974,1,1,7.15081214317931
1974,2,1,4.89751311889441
1974,3,1,5.78390855178986
1974,4,1,6.77418044976488
1975,1,1,5.43631322453301
1975,2,1,5.96510512535964
1975,3,1,6.63013462419539
1975,4,1,6.09712750058923
1976,1,1,6.28238782632404
1976,2,1,4.81272031617328
1976,3,1,6.00257958195031
1976,4,1,7.34460990222566
1977,1,1,6.24066235830376
1977,2,1,5.62549925094437
1977,3,1,7.33498909866732
1977,4,1,6.5056018374414
1978,1,1,7.70271743380134
1978,2,1,7.71700469674067
1978,3,1,10.5327582772413
1978,4,1,10.1889906292365
1979,1,1,8.42944480961792
1979,2,1,7.20837356049141
1979,3,1,6.96759515157555
1979,4,1,8.85235307044095
1980,1,1,8.52456226999926
1980,2,1,8.93807067883804
1980,3,1,9.65776511610582
1980,4,1,7.9120728710038
1981,1,1,5.94927765521022
1981,2,1,5.88177836159057
1981,3,1,8.11193872933091
1981,4,1,5.00924139436375
1982,1,1,6.00753246835977
1982,2,1,4.90575168361663
1982,3,1,6.35522338753238
1982,4,1,8.72574385132998
1983,1,1,6.30418581961253
1983,2,1,6.93757305631652
1983,3,1,7.78765864401737
1983,4,1,9.27676544348993
1984,1,1,7.54822904798653
1984,2,1,4.93385347805568
1984,3,1,4.18048653173181
1984,4,1,6.36264487640443
1985,1,1,5.29087087247754
1985,2,1,4.04834542884746
1985,3,1,4.30925936108836
1985,4,1,6.73167614501248
1986,1,1,9.1352106335065
1986,2,1,7.05359212029111
1986,3,1,6.73256496979761
1986,4,1,8.29236066039992
1987,1,1,6.10909235678734
1987,2,1,7.41162961145717
1987,3,1,5.86365734893201
1987,4,1,5.603992715357
1988,1,1,6.27362721457854
1988,2,1,5.22864648322273
1988,3,1,6.60756111032709
1988,4,1,7.4598026345172
1989,1,1,7.9517152541308
1989,2,1,7.76821948597482
1989,3,1,7.66742080218901
1989,4,1,6.15213646668148
1990,1,1,4.88418733718233
1990,2,1,6.30642204241007
1990,3,1,6.50056073781534
1990,4,1,7.98087686450936
1991,1,1,8.1240537593539
1991,2,1,7.76669131456972
1991,3,1,6.37813523500403
1991,4,1,5.52682487217968
1992,1,1,4.80122236767953
1992,2,1,5.35913563864844
1992,3,1,7.00226353924235
1992,4,1,8.66855608915345
1993,1,1,6.70199207660053
1993,2,1,7.93100645041944
1993,3,1,8.63447067202842
1993,4,1,9.58889205040325
1994,1,1,8.12010503955901
1994,2,1,4.46307400793725
1994,3,1,5.8289264397697
1994,4,1,7.60746818807203
1995,1,1,9.58309313178174
1995,2,1,7.43057926779788
1995,3,1,6.73634495158348
1995,4,1,5.25015092140627
1996,1,1,4.64456092509863
1996,2,1,5.64147114621066
1996,3,1,8.8269489384796
1996,4,1,6.61345400404633
1997,1,1,6.5264478246824
1997,2,1,5.61949688496661
1997,3,1,8.26925494897709
1997,4,1,5.85351784731358
1998,1,1,6.32319365163571
1998,2,1,7.09076823530531
1998,3,1,8.16524904371383
1998,4,1,8.54361297393998
1999,1,1,4.94489869904292
1999,2,1,3.94261708504736
1999,3,1,6.47663596334099
1999,4,1,8.4644172407613
2000,1,1,9.14894003361288
2000,2,1,5.82475326475444
2000,3,1,7.0419416806063
2000,4,1,5.83514486325153
2001,1,1,5.75562476361613
2001,2,1,6.65673008980591
2001,3,1,5.02387816822016
2001,4,1,3.89442211427184
2002,1,1,3.76373179647338
2002,2,1,4.36473436181926
2002,3,1,3.74522434113187
2002,4,1,4.04656060454207
2003,1,1,6.29149671551325
2003,2,1,5.81218121115641
2003,3,1,7.25453463658797
2003,4,1,4.20317849511379
2004,1,1,3.03693797732887
2004,2,1,5.31792248539387
2004,3,1,5.38149735875556
2004,4,1,4.10031272479419
2005,1,1,4.0298808914109
2005,2,1,4.16075120239604
2005,3,1,6.32001316134925
2005,4,1,3.52660058271706
2006,1,1,4.46994777729685
2006,2,1,5.39615048089273
2006,3,1,4.61480547379222
2006,4,1,2.71261675080252
2007,1,1,3.45300625233352
2007,2,1,4.11788848424634
2007,3,1,6.57729060628195
2007,4,1,4.3100196667773
2008,1,1,5.14857016126011
2008,2,1,3.99197594776091
2008,3,1,6.01595290546421
2008,4,1,4.62594948003081
2009,1,1,4.74197173994086
2009,2,1,2.41710117572295
2009,3,1,5.7643443328763
2009,4,1,4.22678314469804
2010,1,1,3.9533480886019
2010,2,1,5.25068237494856
2010,3,1,6.35092604760243
2010,4,1,3.97897390211234
2011,1,1,4.20493198968715
2011,2,1,3.47007949478965
2011,3,1,4.92465594281576
2011,4,1,3.83604107861251
2012,1,1,5.53045206927377
2012,2,1,2.56912993457928
2012,3,1,4.62287447354221
2012,4,1,3.30643318363474
2013,1,1,3.99531936786904
2013,2,1,4.73725440996663
2013,3,1,3.77268597961938
2013,4,1,3.40854588593395
2014,1,1,4.16314271970836
2014,2,1,3.65470067143501
2014,3,1,7.50546366781884
2014,4,1,4.56460623544473
2015,1,1,5.95172772076715
2015,2,1,4.66504971225404
2015,3,1,5.30504991032193
2015,4,1,4.71196243641694
2016,1,1,6.81463405855072
2016,2,1,5.84075705529806
2016,3,1,6.12455570737421
2016,4,1,7.46348825466523
2017,1,1,8.41868851750048
2017,2,1,5.21829810156899
2017,3,1,7.52083318071639
2017,4,1,8.70070635052156
2018,1,1,8.316546431254
2018,2,1,5.51447964972509
2018,3,1,3.92116764315492
2018,4,1,6.41457491010126
2019,1,1,8.95884657463444
2019,2,1,6.30692609950514
2019,3,1,5.99675001979397
2019,4,1,5.9917195943441
2020,1,1,3.95298471825834
2020,2,1,3.25398710948575
2020,3,1,5.19167445670736
2020,4,1,6.45781088789861
2021,1,1,8.32996100155445
2021,2,1,3.90114752238127
2021,3,1,5.37545255816944
2021,4,1,5.29330146951522
1952,1,2,14.689834430629
1952,2,2,13.8232816394691
1952,3,2,15.7091151246022
1952,4,2,22.8149422105187
1953,1,2,15.3132162459028
1953,2,2,19.8187172330042
1953,3,2,15.0041457247672
1953,4,2,17.9235271163034
1954,1,2,18.3880640623558
1954,2,2,18.1969612759762
1954,3,2,13.7968468397231
1954,4,2,16.9768713071769
1955,1,2,13.6256910260102
1955,2,2,15.4839275331055
1955,3,2,12.0652840659905
1955,4,2,17.035181103251
1956,1,2,12.9755172924405
1956,2,2,16.2634614283334
1956,3,2,13.2722864796896
1956,4,2,19.2021117389245
1957,1,2,17.7319764706566
1957,2,2,22.8009016589354
1957,3,2,19.2635408670098
1957,4,2,20.3874802956961
1958,1,2,15.8592048718711
1958,2,2,17.5233871496883
1958,3,2,17.5014926370911
1958,4,2,18.9312794461406
1959,1,2,12.7038737685536
1959,2,2,19.2443795232484
1959,3,2,26.5888073015263
1959,4,2,22.584981034728
1960,1,2,17.9337843538277
1960,2,2,23.9040208207836
1960,3,2,15.2671342818897
1960,4,2,21.1267201320843
1961,1,2,13.1337958147629
1961,2,2,19.9823560302236
1961,3,2,15.7053123154839
1961,4,2,17.3925279540277
1962,1,2,14.2995790237172
1962,2,2,13.8872689602101
1962,3,2,14.5925618638881
1962,4,2,16.3806383478453
1963,1,2,12.5325186461975
1963,2,2,11.6287062868955
1963,3,2,14.3448216174289
1963,4,2,18.1427872863277
1964,1,2,13.6528817358775
1964,2,2,17.0749639512737
1964,3,2,13.2447476816514
1964,4,2,13.065746395188
1965,1,2,12.308355826634
1965,2,2,13.9702493172297
1965,3,2,13.8113888636366
1965,4,2,18.4411570369577
1966,1,2,15.3403478448891
1966,2,2,13.4922995509791
1966,3,2,16.9661052192638
1966,4,2,14.7892041174539
1967,1,2,11.4529897772254
1967,2,2,8.72137049560925
1967,3,2,11.9988721454573
1967,4,2,13.5152622271272
1968,1,2,12.7457365801768
1968,2,2,12.6861630155801
1968,3,2,9.57413895821596
1968,4,2,10.221500345706
1969,1,2,8.94825931428645
1969,2,2,9.38759675079721
1969,3,2,11.4028584627607
1969,4,2,12.4737194185452
1970,1,2,10.1951285130575
1970,2,2,11.0652881984989
1970,3,2,8.78946356314087
1970,4,2,10.2445355451577
1971,1,2,10.2602408120486
1971,2,2,9.5256160989395
1971,3,2,8.72395008662494
1971,4,2,10.9904930902878
1972,1,2,9.39257960439389
1972,2,2,9.07806939132641
1972,3,2,11.7450231426255
1972,4,2,13.7045667619043
1973,1,2,9.69989980964289
1973,2,2,10.5626222372199
1973,3,2,10.2539128816624
1973,4,2,11.2435978181758
1974,1,2,10.5253667788968
1974,2,2,8.94803341815564
1974,3,2,8.80406321574844
1974,4,2,12.7072828653648
1975,1,2,9.59802048977801
1975,2,2,15.5783256021282
1975,3,2,10.9435301807506
1975,4,2,11.4604085634877
1976,1,2,8.33808263265888
1976,2,2,12.0511023162712
1976,3,2,12.3911798331676
1976,4,2,11.4711839067979
1977,1,2,8.66887803713851
1977,2,2,9.78496554489138
1977,3,2,9.11786337554311
1977,4,2,7.54703577745134
1978,1,2,11.7641249161312
1978,2,2,14.4579565696114
1978,3,2,9.49381866387138
1978,4,2,10.2100326330017
1979,1,2,7.886248098407
1979,2,2,8.93419468417632
1979,3,2,10.1780178473869
1979,4,2,11.4424773285806
1980,1,2,10.1872655999476
1980,2,2,11.4532179031198
1980,3,2,8.59600601067564
1980,4,2,13.1151510072571
1981,1,2,7.50157478431939
1981,2,2,7.3336871637024
1981,3,2,7.72491553868069
1981,4,2,7.88736514815793
1982,1,2,5.72157006914053
1982,2,2,6.63500397158582
1982,3,2,6.77138802221554
1982,4,2,7.01481838963828
1983,1,2,6.58028857080018
1983,2,2,5.12467890962765
1983,3,2,5.93742728776626
1983,4,2,10.4276956591759
1984,1,2,6.96255445324656
1984,2,2,5.96115743469393
1984,3,2,6.2213802147707
1984,4,2,6.17035528077947
1985,1,2,6.10526021513522
1985,2,2,8.81980986688384
1985,3,2,5.74794142804823
1985,4,2,7.25712226229304
1986,1,2,6.24657881776818
1986,2,2,6.53650244830531
1986,3,2,7.65501106677189
1986,4,2,7.79413009978297
1987,1,2,6.78791632632189
1987,2,2,5.86738113808148
1987,3,2,7.83056438864471
1987,4,2,5.85607924714609
1988,1,2,4.05938896047647
1988,2,2,4.23445314444676
1988,3,2,6.19553879486693
1988,4,2,6.1666434959273
1989,1,2,4.66335395016812
1989,2,2,5.19373861752693
1989,3,2,6.37793289380574
1989,4,2,5.36505176435539
1990,1,2,7.76079600708176
1990,2,2,9.044520690573
1990,3,2,7.43320946195886
1990,4,2,5.21957649081147
1991,1,2,4.9659470237961
1991,2,2,5.25813223234396
1991,3,2,4.98628748045188
1991,4,2,5.52847314321099
1992,1,2,4.02409837743861
1992,2,2,5.92361223510114
1992,3,2,7.44060244532201
1992,4,2,4.07072068102358
1993,1,2,3.30324159741929
1993,2,2,5.06190895716125
1993,3,2,6.57816780900618
1993,4,2,8.20006359178839
1994,1,2,6.84147749666344
1994,2,2,5.306055475683
1994,3,2,6.81994649603637
1994,4,2,6.52480625732943
1995,1,2,4.66749983459871
1995,2,2,6.55394134619593
1995,3,2,6.05305998629844
1995,4,2,3.70579492059075
1996,1,2,3.4432708722572
1996,2,2,4.77058467736257
1996,3,2,7.01608255577407
1996,4,2,4.01649289030458
1997,1,2,3.86040231497407
1997,2,2,4.78110996355019
1997,3,2,6.34114534068879
1997,4,2,4.91037949213527
1998,1,2,3.75747136502379
1998,2,2,4.1427951205745
1998,3,2,5.5509986323136
1998,4,2,4.37384136132579
1999,1,2,3.2412095593627
1999,2,2,5.18509565685051
1999,3,2,5.04417302180224
1999,4,2,6.42321209565171
2000,1,2,5.70406163461773
2000,2,2,6.17592679260877
2000,3,2,9.83628957824873
2000,4,2,6.33393987507102
2001,1,2,5.29021254754145
2001,2,2,7.55271469452303
2001,3,2,6.47033792935316
2001,4,2,4.95244039291554
2002,1,2,4.84625757507307
2002,2,2,5.19052883512018
2002,3,2,4.81540744536676
2002,4,2,4.25408270588589
2003,1,2,4.98715295704227
2003,2,2,7.08779308555496
2003,3,2,5.82474487992095
2003,4,2,3.78636408383491
2004,1,2,4.01668456925216
2004,2,2,5.73695318284802
2004,3,2,6.30336350919435
2004,4,2,5.15001593982832
2005,1,2,3.29965401581992
2005,2,2,3.97594032161181
2005,3,2,4.19511567711741
2005,4,2,3.63967322151186
2006,1,2,3.9260565889403
2006,2,2,5.45271040012998
2006,3,2,5.04666037969428
2006,4,2,3.23442990239067
2007,1,2,3.61668434364314
2007,2,2,4.6648766440049
2007,3,2,5.57355364506942
2007,4,2,4.85328684943182
2008,1,2,3.66536771694656
2008,2,2,5.71186024878667
2008,3,2,7.60793705656115
2008,4,2,4.19472194839536
2009,1,2,4.51756310100411
2009,2,2,6.17685925650309
2009,3,2,4.26360453475844
2009,4,2,4.79565753137326
2010,1,2,3.85541401415206
2010,2,2,4.97800036511501
2010,3,2,4.31007386137054
2010,4,2,3.18985184656382
2011,1,2,3.55544102827499
2011,2,2,5.09299856409804
2011,3,2,4.46431529663468
2011,4,2,2.78973572922746
2012,1,2,3.4075365578417
2012,2,2,3.0932505744184
2012,3,2,3.43851210405278
2012,4,2,2.84038347203119
2013,1,2,3.06878365458408
2013,2,2,4.42990191114721
2013,3,2,2.77973139176615
2013,4,2,2.36034832943266
2014,1,2,2.74129079213155
2014,2,2,3.39392984416865
2014,3,2,4.64229281593468
2014,4,2,3.52685358876605
2015,1,2,3.26156338335487
2015,2,2,2.82931752585281
2015,3,2,3.29927221860897
2015,4,2,3.56644768800968
2016,1,2,3.73602915427789
2016,2,2,4.83966205173274
2016,3,2,5.75617111347805
2016,4,2,5.51435527667119
2017,1,2,5.24351252647419
2017,2,2,5.67755955954412
2017,3,2,5.45116135731072
2017,4,2,6.36569110988896
2018,1,2,4.8730648559159
2018,2,2,5.10507521622057
2018,3,2,6.38258995181985
2018,4,2,5.4918493045627
2019,1,2,5.91751918618583
2019,2,2,5.95856117949044
2019,3,2,7.98728093712226
2019,4,2,6.18605998730331
2020,1,2,3.75668601144606
2020,2,2,3.45619076395626
2020,3,2,3.87151106648418
2020,4,2,3.22116326422163
2021,1,2,5.43404568974403
2021,2,2,3.99401639032765
2021,3,2,3.47159929954715
2021,4,2,3.93082469306121
1952,1,3,5.41812468147663
1952,2,3,5.83408246194415
1952,3,3,7.20257287982159
1952,4,3,7.48191522357787
1953,1,3,6.60324396638173
1953,2,3,6.3568197880361
1953,3,3,5.34746144708772
1953,4,3,5.92607051919032
1954,1,3,5.60178512804894
1954,2,3,3.68330693419378
1954,3,3,5.7162547901072
1954,4,3,5.32893325523182
1955,1,3,4.24977835175602
1955,2,3,5.49943796649235
1955,3,3,3.83680955138418
1955,4,3,5.5021623619502
1956,1,3,4.78470880727001
1956,2,3,4.96443280071368
1956,3,3,5.06845488291043
1956,4,3,7.1453390712173
1957,1,3,6.75245478851553
1957,2,3,7.84175818618881
1957,3,3,6.00944715397467
1957,4,3,7.06317102412875
1958,1,3,5.05705175186241
1958,2,3,7.73839597593264
1958,3,3,4.41416394530696
1958,4,3,3.11746495851595
1959,1,3,3.21658951235372
1959,2,3,3.17366335499163
1959,3,3,5.00755051780406
1959,4,3,4.92797399222923
1960,1,3,5.25588299248933
1960,2,3,7.27983613281411
1960,3,3,4.92100990902029
1960,4,3,4.87936862529084
1961,1,3,4.39980610304195
1961,2,3,5.91470954502159
1961,3,3,4.92123593423041
1961,4,3,4.49646279966701
1962,1,3,3.34298060623067
1962,2,3,3.98795371166141
1962,3,3,3.57641380840659
1962,4,3,5.32817074216802
1963,1,3,4.72251319188062
1963,2,3,4.07343051281152
1963,3,3,4.95359662687597
1963,4,3,4.40524067588585
1964,1,3,3.89676997554631
1964,2,3,3.49938970541352
1964,3,3,3.67761097499614
1964,4,3,3.50308639184262
1965,1,3,3.73683176900187
1965,2,3,4.51958160047691
1965,3,3,4.98244324056165
1965,4,3,4.17289307999554
1966,1,3,4.76860006049185
1966,2,3,5.61964019275322
1966,3,3,3.73183431449217
1966,4,3,2.80357584070134
1967,1,3,2.71566535787247
1967,2,3,2.99770561559032
1967,3,3,3.37127706881333
1967,4,3,3.03767303861838
1968,1,3,2.69124597281588
1968,2,3,2.88341041959605
1968,3,3,3.85042761006949
1968,4,3,3.2525492505477
1969,1,3,2.85380942102288
1969,2,3,4.27455586927941
1969,3,3,3.67772879496092
1969,4,3,4.116320443269
1970,1,3,2.67620552352777
1970,2,3,4.10697427912087
1970,3,3,2.30781718081688
1970,4,3,3.91475446385734
1971,1,3,4.00221642186932
1971,2,3,4.11109880987406
1971,3,3,4.01887335223644
1971,4,3,5.31416769537698
1972,1,3,2.58503286680569
1972,2,3,3.1787670297986
1972,3,3,2.56746874576546
1972,4,3,3.07502012379564
1973,1,3,3.44514306597003
1973,2,3,5.82210826646053
1973,3,3,3.83444252410818
1973,4,3,3.25353283554519
1974,1,3,2.73043214935763
1974,2,3,3.67339050481355
1974,3,3,3.78001381734125
1974,4,3,3.77293296983721
1975,1,3,2.91435692619083
1975,2,3,2.54186469463538
1975,3,3,3.38096945833855
1975,4,3,2.1271564082595
1976,1,3,3.06751967215338
1976,2,3,1.97976148644585
1976,3,3,2.45627286643254
1976,4,3,2.97669404196245
1977,1,3,2.68375907251885
1977,2,3,3.01564582974589
1977,3,3,3.07820419938449
1977,4,3,4.16826219848333
1978,1,3,5.0858203847145
1978,2,3,6.6958893863343
1978,3,3,5.66890015220096
1978,4,3,3.37252722992869
1979,1,3,2.91794868898134
1979,2,3,3.1902762575295
1979,3,3,2.14313266817929
1979,4,3,3.38087911756331
1980,1,3,3.85268427295463
1980,2,3,3.38459493012152
1980,3,3,3.3416489979002
1980,4,3,2.73198887039132
1981,1,3,2.50793371044926
1981,2,3,2.56952991866593
1981,3,3,2.91764996144426
1981,4,3,2.25242205056906
1982,1,3,2.26502472312252
1982,2,3,2.69781024109339
1982,3,3,2.99716671834265
1982,4,3,2.50216910246897
1983,1,3,3.36756443941924
1983,2,3,3.34041475668672
1983,3,3,4.42699330137676
1983,4,3,3.87410402784264
1984,1,3,4.45258036430574
1984,2,3,2.82368667158212
1984,3,3,2.48519495928053
1984,4,3,2.25699106144675
1985,1,3,3.39130195692986
1985,2,3,3.91761187251842
1985,3,3,4.04234302079738
1985,4,3,3.2038008798525
1986,1,3,2.24755350493235
1986,2,3,2.12390039877556
1986,3,3,2.41138742453723
1986,4,3,2.80622482362989
1987,1,3,2.15596450485944
1987,2,3,2.98063012142214
1987,3,3,3.24875374314376
1987,4,3,3.86650678430245
1988,1,3,2.20245569598004
1988,2,3,3.21334866407207
1988,3,3,2.79529456203273
1988,4,3,4.97519443197227
1989,1,3,3.12279136660501
1989,2,3,2.26779477324207
1989,3,3,2.10961914538233
1989,4,3,2.46510078484635
1990,1,3,2.34630917637375
1990,2,3,3.47588815826652
1990,3,3,2.6545716211862
1990,4,3,1.77154034400376
1991,1,3,1.9669128124603
1991,2,3,2.1739934312643
1991,3,3,1.82541393717011
1991,4,3,1.96410011334566
1992,1,3,1.53263380964909
1992,2,3,2.68940925098146
1992,3,3,2.80399900244772
1992,4,3,2.28395990234733
1993,1,3,2.60129245287231
1993,2,3,1.8474919306085
1993,3,3,1.52251157612455
1993,4,3,1.28012255374359
1994,1,3,2.20750979735267
1994,2,3,1.4304255837942
1994,3,3,1.94446978948759
1994,4,3,1.76597283690828
1995,1,3,1.63222461980759
1995,2,3,3.01298921120793
1995,3,3,1.72659621537079
1995,4,3,1.98762667378925
1996,1,3,1.57386444896851
1996,2,3,2.0155280337949
1996,3,3,2.11714104009808
1996,4,3,2.31730974148281
1997,1,3,1.94829162145921
1997,2,3,2.40795234088955
1997,3,3,2.26696393169844
1997,4,3,1.75098354449751
1998,1,3,2.02925624700875
1998,2,3,2.07306665029357
1998,3,3,1.79778810193534
1998,4,3,1.13927648650793
1999,1,3,0.707859896303755
1999,2,3,1.12987830294555
1999,3,3,1.4058434075846
1999,4,3,1.44430525202301
2000,1,3,1.48734734948833
2000,2,3,1.43359001460721
2000,3,3,2.31011165037193
2000,4,3,1.3260579587499
2001,1,3,1.02006834074713
2001,2,3,1.79721294720559
2001,3,3,1.6322085325369
2001,4,3,1.83574376203126
2002,1,3,2.00499327310323
2002,2,3,1.91509747241729
2002,3,3,1.76831872809348
2002,4,3,2.2396277344117
2003,1,3,1.71190721626368
2003,2,3,1.96063304835692
2003,3,3,1.91032777765369
2003,4,3,1.3987945240031
2004,1,3,1.93351994453616
2004,2,3,2.59565197772669
2004,3,3,2.08631163683406
2004,4,3,1.91797764122427
2005,1,3,1.76508725884783
2005,2,3,1.31624878044325
2005,3,3,1.99434749734196
2005,4,3,1.52114161314778
2006,1,3,2.35130095386671
2006,2,3,2.52157486106871
2006,3,3,1.5329076410125
2006,4,3,2.21023885217018
2007,1,3,1.45112755995922
2007,2,3,2.57088536872076
2007,3,3,1.42033141415277
2007,4,3,1.63600599284917
2008,1,3,1.97326056038003
2008,2,3,2.6556005921197
2008,3,3,2.70498075171761
2008,4,3,1.68442715307614
2009,1,3,2.09292645531892
2009,2,3,3.39017978427921
2009,3,3,2.85852955510387
2009,4,3,1.57990641511966
2010,1,3,1.61159120005666
2010,2,3,1.68686620060799
2010,3,3,2.24497301546733
2010,4,3,1.68888528306787
2011,1,3,2.3965385593956
2011,2,3,2.18784188339229
2011,3,3,1.98888413452087
2011,4,3,1.57857236941549
2012,1,3,1.75280610029539
2012,2,3,2.82633861691969
2012,3,3,2.32670447804663
2012,4,3,1.92821603483476
2013,1,3,1.5519942412395
2013,2,3,1.5474420902116
2013,3,3,1.3639048323552
2013,4,3,1.67488179796533
2014,1,3,1.75001142745559
2014,2,3,1.60544955240327
2014,3,3,1.88759310361947
2014,4,3,2.05621013385836
2015,1,3,1.50897501250413
2015,2,3,2.35058780028281
2015,3,3,1.78636283080559
2015,4,3,3.01209380866083
2016,1,3,1.49718926934413
2016,2,3,1.68596970089316
2016,3,3,2.17630686597627
2016,4,3,1.60257649903246
2017,1,3,2.01264632429726
2017,2,3,2.70934940099262
2017,3,3,1.92874457014415
2017,4,3,1.40012521792699
2018,1,3,1.90801698139315
2018,2,3,3.8691772376871
2018,3,3,2.45830910122659
2018,4,3,1.60836082932736
2019,1,3,2.15980611639984
2019,2,3,3.11962334822292
2019,3,3,1.91939903266624
2019,4,3,2.5934437296475
2020,1,3,0.982895155511788
2020,2,3,2.65408202446803
2020,3,3,2.46621092239624
2020,4,3,1.74983833584653
2021,1,3,2.06060661751889
2021,2,3,3.05672099472111
2021,3,3,2.23680861613579
2021,4,3,2.24782512695085
1952,1,4,15.8608936771974
1952,2,4,35.9762851267197
1952,3,4,31.6613139198198
1952,4,4,34.8384202150494
1953,1,4,24.6115702617332
1953,2,4,38.7852166887646
1953,3,4,26.7830927220543
1953,4,4,27.9169917426736
1954,1,4,22.4966310711597
1954,2,4,28.6937968331569
1954,3,4,26.4846682616313
1954,4,4,19.4873526689314
1955,1,4,28.0152291404544
1955,2,4,31.9419423513431
1955,3,4,25.9422321766341
1955,4,4,24.0329564248348
1956,1,4,28.8606739790684
1956,2,4,31.378743561273
1956,3,4,30.1500765177841
1956,4,4,33.6727099678011
1957,1,4,28.3172520470852
1957,2,4,34.6839924718831
1957,3,4,29.8771702724953
1957,4,4,26.8390603489907
1958,1,4,22.2689261081426
1958,2,4,36.3654921448415
1958,3,4,29.4044392415199
1958,4,4,24.0405559616753
1959,1,4,22.1552719608807
1959,2,4,27.2466038840182
1959,3,4,29.2794614035793
1959,4,4,28.7519787079406
1960,1,4,30.680931610357
1960,2,4,40.2092684701061
1960,3,4,31.5028858248762
1960,4,4,21.5206958555437
1961,1,4,25.2375276357111
1961,2,4,31.0645874538802
1961,3,4,25.7316017208306
1961,4,4,18.8852615313411
1962,1,4,16.465919401882
1962,2,4,22.810524288883
1962,3,4,23.9222717958421
1962,4,4,21.8355431692567
1963,1,4,15.4849561568741
1963,2,4,23.2969328204243
1963,3,4,20.8805999617758
1963,4,4,19.6476705442404
1964,1,4,18.7009348631598
1964,2,4,25.8765746134619
1964,3,4,23.5067528319585
1964,4,4,18.3733151342146
1965,1,4,18.6672071109569
1965,2,4,22.6857589974303
1965,3,4,23.4259953709503
1965,4,4,17.1320742988309
1966,1,4,21.9321737128931
1966,2,4,29.5769225779393
1966,3,4,22.1628859467693
1966,4,4,18.2703473875588
1967,1,4,16.1652268486867
1967,2,4,19.2920946333152
1967,3,4,17.677226213839
1967,4,4,18.4431908384913
1968,1,4,18.9989744993715
1968,2,4,24.6186227329075
1968,3,4,22.013583826395
1968,4,4,21.4382749032803
1969,1,4,17.3967140923278
1969,2,4,25.3999464766855
1969,3,4,20.7306964924267
1969,4,4,23.1929614544426
1970,1,4,24.2330968029564
1970,2,4,23.9086104610965
1970,3,4,17.5416598137394
1970,4,4,16.7252856587216
1971,1,4,24.3246212808421
1971,2,4,25.3657962127934
1971,3,4,24.8759056904502
1971,4,4,26.1421942560069
1972,1,4,25.7821118286204
1972,2,4,23.0617714833159
1972,3,4,16.9993149390535
1972,4,4,15.1494317893357
1973,1,4,12.943306543825
1973,2,4,14.3620245533631
1973,3,4,18.3015954245927
1973,4,4,17.1683804013285
1974,1,4,12.1695884920375
1974,2,4,13.5260891355009
1974,3,4,13.5503542706167
1974,4,4,13.6911130647941
1975,1,4,11.9860480339086
1975,2,4,14.6208623092833
1975,3,4,11.8957410432193
1975,4,4,8.9118722994445
1976,1,4,12.4741573230554
1976,2,4,16.4854427945432
1976,3,4,13.9247665821494
1976,4,4,15.3138222317683
1977,1,4,15.5410163612072
1977,2,4,19.7399424581115
1977,3,4,21.2855040025917
1977,4,4,21.1073476479845
1978,1,4,17.8819145688828
1978,2,4,24.5252674724408
1978,3,4,18.6580575979749
1978,4,4,18.7109448020387
1979,1,4,13.4317707122256
1979,2,4,17.1635100054197
1979,3,4,19.1289543066291
1979,4,4,22.2837671179631
1980,1,4,16.0645937868799
1980,2,4,18.177086054457
1980,3,4,20.4974246709207
1980,4,4,12.3366901741213
1981,1,4,9.91588401954923
1981,2,4,13.9691044876242
1981,3,4,12.5818242372913
1981,4,4,13.4430986492171
1982,1,4,13.5159257814486
1982,2,4,14.3037891291422
1982,3,4,16.8641495838361
1982,4,4,15.0839837757969
1983,1,4,13.845508967003
1983,2,4,15.0001983387765
1983,3,4,20.2036259325831
1983,4,4,21.3674139260271
1984,1,4,17.3009507476992
1984,2,4,11.9089037785814
1984,3,4,14.2815391247676
1984,4,4,12.120349159114
1985,1,4,9.62545054003421
1985,2,4,11.8031454464887
1985,3,4,15.7909888746959
1985,4,4,10.6925230857424
1986,1,4,12.3576023416757
1986,2,4,19.6992313478261
1986,3,4,18.4707888531893
1986,4,4,16.4345314671179
1987,1,4,12.1299002683954
1987,2,4,15.4362796418771
1987,3,4,15.7900382274731
1987,4,4,16.3779958935883
1988,1,4,14.3749582647417
1988,2,4,13.8926757594572
1988,3,4,13.3216707265173
1988,4,4,10.9377514156979
1989,1,4,10.7106196149647
1989,2,4,9.82032306830403
1989,3,4,12.6234243525455
1989,4,4,8.87525916431258
1990,1,4,9.77581275287497
1990,2,4,14.9082091032343
1990,3,4,12.5676292210169
1990,4,4,7.40890191317294
1991,1,4,7.33024897389584
1991,2,4,12.6065133706964
1991,3,4,13.6522896486006
1991,4,4,11.2757563882265
1992,1,4,10.3882940638348
1992,2,4,18.8553163857889
1992,3,4,20.6330916774886
1992,4,4,12.8872322023557
1993,1,4,8.53299551357145
1993,2,4,10.2295399276331
1993,3,4,13.3645364823143
1993,4,4,9.35697883113166
1994,1,4,8.64513164326172
1994,2,4,9.87612221309181
1994,3,4,11.4881427995191
1994,4,4,11.86781011544
1995,1,4,10.8367504054486
1995,2,4,13.1744560931136
1995,3,4,9.10763843941302
1995,4,4,8.00999864754594
1996,1,4,8.23011798435237
1996,2,4,17.519190168704
1996,3,4,25.0520278946822
1996,4,4,18.0817838246082
1997,1,4,17.6927218041115
1997,2,4,17.1561995391733
1997,3,4,14.155919653626
1997,4,4,8.99188453034921
1998,1,4,7.2491237985628
1998,2,4,10.3607725777262
1998,3,4,9.90552826371422
1998,4,4,6.3250970163141
1999,1,4,3.72928530088208
1999,2,4,5.31238426502422
1999,3,4,7.08662290312467
1999,4,4,8.79755024874529
2000,1,4,9.92502319685397
2000,2,4,11.324739655111
2000,3,4,12.8479373872615
2000,4,4,7.88740045225371
2001,1,4,6.14637221764931
2001,2,4,10.2058309105968
2001,3,4,7.62503643188474
2001,4,4,6.56621883454323
2002,1,4,6.09394947971216
2002,2,4,6.91938642863337
2002,3,4,6.66162850209668
2002,4,4,7.14893949896015
2003,1,4,5.98366709848595
2003,2,4,6.91886443081268
2003,3,4,6.34280248432897
2003,4,4,5.89503886999575
2004,1,4,5.7393619882925
2004,2,4,8.92609501845884
2004,3,4,11.7988457052238
2004,4,4,7.24130855069506
2005,1,4,4.84044788531883
2005,2,4,8.14244836692654
2005,3,4,8.12345628990052
2005,4,4,6.53210862399133
2006,1,4,10.4664210745908
2006,2,4,7.80262996749185
2006,3,4,6.63315473267807
2006,4,4,4.07284037913138
2007,1,4,4.64302059136067
2007,2,4,6.78882681928225
2007,3,4,7.45961394152878
2007,4,4,6.99541858961993
2008,1,4,5.04048506997926
2008,2,4,6.62375426584342
2008,3,4,5.55246350932213
2008,4,4,3.48618256186645
2009,1,4,4.58512258885301
2009,2,4,5.97506165777026
2009,3,4,7.19166483712069
2009,4,4,6.19671001829489
2010,1,4,4.84210932728307
2010,2,4,6.20875026586676
2010,3,4,8.06823401026017
2010,4,4,7.21055614423897
2011,1,4,7.80063720411901
2011,2,4,6.9739780206483
2011,3,4,4.70224364990418
2011,4,4,4.0990449884824
2012,1,4,3.44500043609441
2012,2,4,5.5693151965713
2012,3,4,5.51353649592888
2012,4,4,4.32253363455628
2013,1,4,4.85785275782963
2013,2,4,6.0228271362741
2013,3,4,5.30144301883355
2013,4,4,5.94207586055611
2014,1,4,6.96323261243242
2014,2,4,8.81534062991055
2014,3,4,6.07119637627416
2014,4,4,6.69329555327831
2015,1,4,8.19677886640521
2015,2,4,10.4257043818229
2015,3,4,7.56751900417041
2015,4,4,7.00260707680899
2016,1,4,5.7515469930355
2016,2,4,5.75587387308373
2016,3,4,9.04927320374218
2016,4,4,6.56104677387351
2017,1,4,5.5159709618894
2017,2,4,6.63027391433695
2017,3,4,7.94387555394382
2017,4,4,7.25586768405822
2018,1,4,5.3009961740559
2018,2,4,7.11917427125143
2018,3,4,5.94985830427879
2018,4,4,5.08172525097552
2019,1,4,9.14500070951291
2019,2,4,11.3600717592928
2019,3,4,9.9782850691522
2019,4,4,8.54840302044973
2020,1,4,7.29581483971222
2020,2,4,10.9714238513089
2020,3,4,10.2984363225642
2020,4,4,8.20415089017214
2021,1,4,10.3659666439076
2021,2,4,10.2452448635491
2021,3,4,8.40716584548279
2021,4,4,7.41380750705229
1952,1,5,12.6626790023654
1952,2,5,14.9529509797288
1952,3,5,19.1474133077075
1952,4,5,25.7535467494009
1953,1,5,21.8496011855332
1953,2,5,20.904828196412
1953,3,5,21.0037710580906
1953,4,5,22.6642490630565
1954,1,5,23.5994805354814
1954,2,5,16.235119218345
1954,3,5,16.7752374207124
1954,4,5,17.8561499143271
1955,1,5,23.0000791958014
1955,2,5,18.2172204210081
1955,3,5,12.154137334245
1955,4,5,19.7031298855851
1956,1,5,16.4383253058452
1956,2,5,14.8943410842859
1956,3,5,17.2035844092663
1956,4,5,18.8145948345089
1957,1,5,26.0073765025833
1957,2,5,27.0317628485786
1957,3,5,18.6608803852579
1957,4,5,17.4846472729664
1958,1,5,19.9206336026341
1958,2,5,19.326832797308
1958,3,5,20.170970888496
1958,4,5,19.5635978830255
1959,1,5,19.6928979321643
1959,2,5,18.7610510955864
1959,3,5,16.0195346511474
1959,4,5,10.7626613573033
1960,1,5,15.5247572564599
1960,2,5,23.0784768576361
1960,3,5,18.4206030929097
1960,4,5,16.8424202662334
1961,1,5,19.4411407797675
1961,2,5,21.3038216593418
1961,3,5,11.5965931760837
1961,4,5,10.4272478810809
1962,1,5,12.6824137827335
1962,2,5,20.5007046639906
1962,3,5,13.834676398171
1962,4,5,10.3952049390545
1963,1,5,11.7865986259318
1963,2,5,13.9463245860994
1963,3,5,10.9449272110256
1963,4,5,9.82368692917266
1964,1,5,10.4641252632698
1964,2,5,15.4426857699491
1964,3,5,14.9919808719776
1964,4,5,10.6008551825728
1965,1,5,10.865271964639
1965,2,5,17.2672359127788
1965,3,5,11.6448122884721
1965,4,5,10.3583789622137
1966,1,5,12.9414493626591
1966,2,5,16.5746549746237
1966,3,5,10.6306411698599
1966,4,5,7.78208463027003
1967,1,5,8.27143110839843
1967,2,5,10.7073692462258
1967,3,5,9.59862121679097
1967,4,5,7.1089579126894
1968,1,5,7.92107661613398
1968,2,5,12.6415718394011
1968,3,5,12.5815203882065
1968,4,5,9.00213633991415
1969,1,5,11.1639533094663
1969,2,5,10.5019060951225
1969,3,5,9.60136249784104
1969,4,5,9.64104535432906
1970,1,5,10.8959505859656
1970,2,5,14.3945240964051
1970,3,5,9.90409690845767
1970,4,5,10.4273360479656
1971,1,5,10.5805549374864
1971,2,5,11.2819078624905
1971,3,5,11.0803286022084
1971,4,5,11.7794679209002
1972,1,5,11.1010879437907
1972,2,5,12.9407033053171
1972,3,5,8.33863798785253
1972,4,5,8.13125436153219
1973,1,5,8.64932403035367
1973,2,5,9.92820013405348
1973,3,5,10.4741073483667
1973,4,5,9.11490601450713
1974,1,5,7.91485216771889
1974,2,5,12.2410901015346
1974,3,5,10.1439589304312
1974,4,5,9.02242696409829
1975,1,5,11.9515865671873
1975,2,5,11.1519768303782
1975,3,5,9.9052978694867
1975,4,5,8.80537270350473
1976,1,5,8.38960374318958
1976,2,5,8.44995375769441
1976,3,5,8.74377122060147
1976,4,5,6.9978742859879
1977,1,5,6.72093058520944
1977,2,5,7.92632040715554
1977,3,5,6.39896297548034
1977,4,5,7.25434334272045
1978,1,5,7.14981862975413
1978,2,5,10.3824003084959
1978,3,5,11.4585839940882
1978,4,5,7.74532368120568
1979,1,5,8.86327998162922
1979,2,5,10.8757163039357
1979,3,5,8.97083755413758
1979,4,5,9.30878390830766
1980,1,5,12.6215307807832
1980,2,5,10.2614394459021
1980,3,5,10.5409951022716
1980,4,5,9.00736061449251
1981,1,5,6.77299537362572
1981,2,5,7.94990645511906
1981,3,5,7.3641046555645
1981,4,5,6.95986076818018
1982,1,5,6.69650222620737
1982,2,5,7.64874886425053
1982,3,5,4.62625361982456
1982,4,5,5.10873409071993
1983,1,5,5.84032524918694
1983,2,5,6.79747829398939
1983,3,5,7.78966587081309
1983,4,5,11.2274469406396
1984,1,5,7.44501467326415
1984,2,5,6.48835221216971
1984,3,5,5.13139132147184
1984,4,5,6.35221848329227
1985,1,5,9.62514625508548
1985,2,5,14.4900113110873
1985,3,5,13.0306868996976
1985,4,5,7.37720191629627
1986,1,5,11.0338695710917
1986,2,5,8.50277568293063
1986,3,5,8.91628499704201
1986,4,5,6.43928746332436
1987,1,5,10.0192487833711
1987,2,5,10.7851120580578
1987,3,5,10.1035586605848
1987,4,5,10.9299639203534
1988,1,5,10.1787484854081
1988,2,5,11.2833143373967
1988,3,5,11.1477207633436
1988,4,5,9.73867637481178
1989,1,5,9.09441055340348
1989,2,5,7.40170133021415
1989,3,5,7.57848161390707
1989,4,5,8.65679138593645
1990,1,5,10.2039593708466
1990,2,5,13.7266619530473
1990,3,5,9.04043167710579
1990,4,5,7.37157964697852
1991,1,5,9.0440955554894
1991,2,5,9.16210668514943
1991,3,5,6.47449668107728
1991,4,5,7.22803517831988
1992,1,5,10.1554546031333
1992,2,5,9.13087829898956
1992,3,5,11.9187803629651
1992,4,5,9.03199418096823
1993,1,5,9.32627929553946
1993,2,5,9.74214591791427
1993,3,5,8.54456242536669
1993,4,5,6.55731631241758
1994,1,5,11.4637836570769
1994,2,5,8.20581922976692
1994,3,5,7.46061211973534
1994,4,5,8.05475660124324
1995,1,5,11.4378060954186
1995,2,5,10.4611808685141
1995,3,5,9.4640865358613
1995,4,5,8.89319607896132
1996,1,5,8.49312891774767
1996,2,5,10.8064889371447
1996,3,5,14.3228653359755
1996,4,5,12.7054453206652
1997,1,5,19.6349055732119
1997,2,5,11.9810863910791
1997,3,5,7.29954886173068
1997,4,5,6.57420070147674
1998,1,5,6.61297918444599
1998,2,5,6.21296041556584
1998,3,5,8.91250999315685
1998,4,5,6.95480135293476
1999,1,5,6.40199979367812
1999,2,5,6.35722013573587
1999,3,5,3.9806319799057
1999,4,5,6.39727199255748
2000,1,5,8.39099247368626
2000,2,5,8.87282324138747
2000,3,5,9.01671460300236
2000,4,5,7.5756486476206
2001,1,5,6.36272734819014
2001,2,5,7.50581412036772
2001,3,5,5.98683737872421
2001,4,5,3.77921958943666
2002,1,5,5.87890846126738
2002,2,5,6.70760508179769
2002,3,5,6.88569329948388
2002,4,5,7.10425975318961
2003,1,5,7.32358696203627
2003,2,5,8.99621552398001
2003,3,5,6.62679847082193
2003,4,5,5.66398697438018
2004,1,5,5.44762222844537
2004,2,5,7.15331913288203
2004,3,5,9.59386905336961
2004,4,5,8.63266664612554
2005,1,5,4.88720403209063
2005,2,5,6.65942363787644
2005,3,5,4.53019444232581
2005,4,5,5.19243437566053
2006,1,5,5.38607751833931
2006,2,5,7.98923580264628
2006,3,5,6.55547694851492
2006,4,5,5.39310574009836
2007,1,5,5.10425365244091
2007,2,5,7.34759772198012
2007,3,5,7.54096617827539
2007,4,5,7.0755737055029
2008,1,5,5.76782575954089
2008,2,5,8.49151669617172
2008,3,5,8.07855080603188
2008,4,5,4.21232283921401
2009,1,5,5.72387318424165
2009,2,5,7.79638968515536
2009,3,5,4.87115891360153
2009,4,5,4.36965054194801
2010,1,5,3.74910680690981
2010,2,5,6.19646857634385
2010,3,5,6.62975522653179
2010,4,5,5.90651017412443
2011,1,5,6.4233683821614
2011,2,5,7.96410779877327
2011,3,5,5.66044312582653
2011,4,5,4.6891505472801
2012,1,5,5.188274032008
2012,2,5,6.68220854806319
2012,3,5,5.56369104106078
2012,4,5,4.70568941068349
2013,1,5,5.14185018413734
2013,2,5,5.9551285698802
2013,3,5,4.63017406181978
2013,4,5,4.93480788651441
2014,1,5,8.10551268476328
2014,2,5,9.48838319203236
2014,3,5,9.09128204195963
2014,4,5,4.59993522947293
2015,1,5,6.14455556780118
2015,2,5,7.9904532141714
2015,3,5,7.54071922512372
2015,4,5,7.91644874765377
2016,1,5,7.13977618109264
2016,2,5,6.80781932876524
2016,3,5,6.07646438750169
2016,4,5,3.78688461037344
2017,1,5,5.60362112642976
2017,2,5,9.8385714423847
2017,3,5,8.31355252039321
2017,4,5,5.27214851507178
2018,1,5,5.27262640022432
2018,2,5,5.99620748021813
2018,3,5,6.00610339708692
2018,4,5,4.30062899735324
2019,1,5,5.90535398632405
2019,2,5,6.8143095186825
2019,3,5,5.42709691861086
2019,4,5,4.76803533886832
2020,1,5,5.73634152147427
2020,2,5,8.31426968042519
2020,3,5,6.30879163928805
2020,4,5,5.64954353627974
2021,1,5,7.70953924331606
2021,2,5,7.5827673484547
2021,3,5,4.45937700514792
2021,4,5,4.31368409355607
